,#,Company,Symbol,Sector,Stock Price,Employees
0,1,Apple Inc.,AAPL,Technology,234.91,164000
1,2,NVIDIA Corporation,NVDA,Technology,137.01,29600
2,3,Microsoft Corporation,MSFT,Technology,425.93,228000
3,4,"Amazon.com, Inc.",AMZN,Consumer Cyclical,206.07,1551000
4,5,"Meta Platforms, Inc.",META,Communication Services,574.82,72404
5,6,"Tesla, Inc.",TSLA,Consumer Cyclical,343.71,140473
6,7,Berkshire Hathaway Inc. New,BRK.B,Financial Services,476.19,396500
7,8,Alphabet Inc.,GOOG,Communication Services,170.92,181269
8,9,Broadcom Inc.,AVGO,Technology,164.26,20000
9,10,JP Morgan Chase & Co.,JPM,Financial Services,249.24,316043
10,11,Eli Lilly and Company,LLY,Healthcare,797.49,43000
11,12,UnitedHealth Group Incorporated,UNH,Healthcare,603.75,440000
12,13,Exxon Mobil Corporation,XOM,Energy,118.16,62000
13,14,Visa Inc.,V,Financial Services,313.2,28800
14,15,Mastercard Incorporated,MA,Financial Services,527.26,33400
15,16,Costco Wholesale Corporation,COST,Consumer Defensive,966.95,333000
16,17,"Home Depot, Inc. (The)",HD,Consumer Cyclical,425.15,465000
17,18,Procter & Gamble Company (The),PG,Consumer Defensive,178.06,108000
18,19,Walmart Inc.,WMT,Consumer Defensive,91.07,2100000
19,20,Johnson & Johnson,JNJ,Healthcare,153.52,131900
20,21,"Netflix, Inc.",NFLX,Communication Services,882.69,13000
21,22,"Salesforce, Inc.",CRM,Technology,341.86,72682
22,23,Bank of America Corporation,BAC,Financial Services,47.43,213000
23,24,AbbVie Inc.,ABBV,Healthcare,179.41,50000
24,25,Oracle Corporation,ORCL,Technology,191.02,159000
25,26,Chevron Corporation,CVX,Energy,162.24,45600
26,27,Wells Fargo & Company,WFC,Financial Services,77.57,220167
27,28,"Merck & Co., Inc.",MRK,Healthcare,100.59,70000
28,29,Coca-Cola Company (The),KO,Consumer Defensive,64.45,79100
29,30,"Cisco Systems, Inc.",CSCO,Technology,59.05,90400
30,31,Adobe Inc.,ADBE,Technology,521.07,29945
31,32,"Advanced Micro Devices, Inc.",AMD,Technology,137.32,26000
32,33,Accenture PLC,ACN,Technology,363.33,774000
33,34,"PepsiCo, Inc.",PEP,Consumer Defensive,162.13,318000
34,35,Linde plc,LIN,Basic Materials,454.14,65596
35,36,"ServiceNow, Inc.",NOW,Technology,1070.02,22668
36,37,McDonald's Corporation,MCD,Consumer Cyclical,295.71,100000
37,38,Walt Disney Company (The),DIS,Communication Services,116.09,173250
38,39,International Business Machines Corporation,IBM,Technology,227.44,282200
39,40,Abbott Laboratories,ABT,Healthcare,117.41,114000
40,41,Philip Morris International Inc,PM,Consumer Defensive,131.78,82700
41,42,"Caterpillar, Inc.",CAT,Industrials,405.37,113200
42,43,Thermo Fisher Scientific Inc,TMO,Healthcare,510.07,122000
43,44,General Electric Company,GE,Industrials,183.96,125000
44,45,"Goldman Sachs Group, Inc. (The)",GS,Financial Services,597.85,46400
45,46,"Intuitive Surgical, Inc.",ISRG,Healthcare,540.42,13676
46,47,Texas Instruments Incorporated,TXN,Technology,199.86,34000
47,48,Verizon Communications Inc.,VZ,Communication Services,44.25,101200
48,49,Intuit Inc.,INTU,Technology,638.47,18800
49,50,QUALCOMM Incorporated,QCOM,Technology,158.58,49000
50,51,American Express Company,AXP,Financial Services,304.09,74600
51,52,Booking Holdings Inc.,BKNG,Consumer Cyclical,5157.75,24200
52,53,Comcast Corporation,CMCSA,Communication Services,42.58,186000
53,54,Morgan Stanley,MS,Financial Services,130.27,80000
54,55,S&P Global Inc.,SPGI,Financial Services,520.88,40450
55,56,AT&T Inc.,T,Communication Services,23.02,143630
56,57,Amgen Inc.,AMGN,Healthcare,265.26,26700
57,58,RTX Corporation,RTX,Industrials,119.97,185000
58,59,"NextEra Energy, Inc.",NEE,Utilities,77.02,16800
59,60,"Lowe's Companies, Inc.",LOW,Consumer Cyclical,271.18,300000
60,61,Progressive Corporation (The),PGR,Financial Services,266.09,61432
61,62,"Uber Technologies, Inc.",UBER,Technology,72.06,30800
62,63,Danaher Corporation,DHR,Healthcare,234.92,61000
63,64,Union Pacific Corporation,UNP,Industrials,245.54,30518
64,65,Honeywell International Inc.,HON,Industrials,230.45,95000
65,66,Eaton Corp PLC,ETN,Industrials,379.32,94000
66,67,"Pfizer, Inc.",PFE,Healthcare,25.74,88000
67,68,"Applied Materials, Inc.",AMAT,Technology,171.58,35200
68,69,"BlackRock, Inc.",BLK,Financial Services,1020.6,20400
69,70,"TJX Companies, Inc. (The)",TJX,Consumer Cyclical,125.28,349000
70,71,Blackstone Inc.,BX,Financial Services,191.34,4735
71,72,ConocoPhillips,COP,Energy,106.19,10300
72,73,"Citigroup, Inc.",C,Financial Services,69.73,229000
73,74,Stryker Corporation,SYK,Healthcare,388.27,52000
74,75,Boston Scientific Corporation,BSX,Healthcare,90.11,48000
75,76,Palantir Technologies Inc.,PLTR,Technology,65.52,3892
76,77,"Fiserv, Inc.",FI,Technology,222.48,42000
77,78,"Palo Alto Networks, Inc.",PANW,Technology,395.42,15289
78,79,"Automatic Data Processing, Inc.",ADP,Technology,306.71,64000
79,80,Charles Schwab Corporation (The),SCHW,Financial Services,82.12,32100
80,81,Vertex Pharmaceuticals Incorporated,VRTX,Healthcare,462.95,5400
81,82,Bristol-Myers Squibb Company,BMY,Healthcare,58.35,34100
82,83,Deere & Company,DE,Industrials,460.77,83000
83,84,"T-Mobile US, Inc.",TMUS,Communication Services,243.58,67000
84,85,"Micron Technology, Inc.",MU,Technology,101.05,48000
85,86,Starbucks Corporation,SBUX,Consumer Cyclical,100.7,381000
86,87,"Marsh & McLennan Companies, Inc.",MMC,Financial Services,231.6,85000
87,88,"Gilead Sciences, Inc.",GILD,Healthcare,90.74,18000
88,89,Boeing Company (The),BA,Industrials,151.8,171000
89,90,"Analog Devices, Inc.",ADI,Technology,218.34,26000
90,91,Lockheed Martin Corporation,LMT,Industrials,520.68,122000
91,92,Medtronic plc,MDT,Healthcare,85.45,95000
92,93,"Prologis, Inc.",PLD,Real Estate,116.18,2574
93,94,Chubb Limited,CB,Financial Services,287.07,40000
94,95,KKR & Co. Inc.,KKR,Financial Services,160.1,4490
95,96,Intel Corporation,INTC,Technology,24.04,124100
96,97,"Arista Networks, Inc.",ANET,Technology,412.08,4023
97,98,"United Parcel Service, Inc.",UPS,Industrials,134.55,500000
98,99,American Tower Corporation (REIT),AMT,Real Estate,206.55,5643
99,100,"Altria Group, Inc.",MO,Consumer Defensive,57.18,6400
100,101,Southern Company (The),SO,Utilities,88.53,27819
101,102,Lam Research Corporation,LRCX,Technology,72.81,17700
102,103,"Nike, Inc.",NKE,Consumer Cyclical,78.19,79400
103,104,"Elevance Health, Inc.",ELV,Healthcare,400.99,104900
104,105,Trane Technologies plc,TT,Industrials,416.75,40000
105,106,The Cigna Group,CI,Healthcare,332.05,70325
106,107,Sherwin-Williams Company (The),SHW,Basic Materials,397.03,64088
107,108,"Equinix, Inc.",EQIX,Real Estate,972.42,13151
108,109,Intercontinental Exchange Inc.,ICE,Financial Services,159.21,12900
109,110,Parker-Hannifin Corporation,PH,Industrials,704.05,61120
110,111,GE Vernova Inc.,GEV,Utilities,334.74,80000
111,112,"PayPal Holdings, Inc.",PYPL,Financial Services,87.29,27200
112,113,Duke Energy Corporation (Holding Company),DUK,Utilities,115.97,27037
113,114,Amphenol Corporation,APH,Technology,73.49,95000
114,115,"Mondelez International, Inc.",MDLZ,Consumer Defensive,64.62,91000
115,116,KLA Corporation,KLAC,Technology,626.86,15000
116,117,"Synopsys, Inc.",SNPS,Technology,551.8,20300
117,118,"Cadence Design Systems, Inc.",CDNS,Technology,312.26,12703
118,119,"Chipotle Mexican Grill, Inc.",CMG,Consumer Cyclical,62.57,125000
119,120,Aon PLC,AON,Financial Services,387.33,50000
120,121,"PNC Financial Services Group, Inc. (The)",PNC,Financial Services,213.64,53749
121,122,"CrowdStrike Holdings, Inc.",CRWD,Technology,365.14,9219
122,123,U.S. Bancorp,USB,Financial Services,53.5,70000
123,124,CME Group Inc.,CME,Financial Services,231.32,3565
124,125,"Waste Management, Inc.",WM,Industrials,227.71,48000
125,126,"Motorola Solutions, Inc.",MSI,Technology,494.95,21000
126,127,Zoetis Inc.,ZTS,Healthcare,175.81,14100
127,128,McKesson Corporation,MCK,Healthcare,622.37,45000
128,129,"Regeneron Pharmaceuticals, Inc.",REGN,Healthcare,749.47,14165
129,130,Welltower Inc.,WELL,Real Estate,137.46,533
130,131,Colgate-Palmolive Company,CL,Consumer Defensive,96.07,34000
131,132,Constellation Energy Corporation,CEG,Utilities,265.15,13871
132,133,Moody's Corporation,MCO,Financial Services,496.97,15776
133,134,Cintas Corporation,CTAS,Industrials,226.97,46500
134,135,Emerson Electric Company,EMR,Industrials,133.55,73000
135,136,CVS Health Corporation,CVS,Healthcare,58.92,219000
136,137,"EOG Resources, Inc.",EOG,Energy,131.62,3050
137,138,Illinois Tool Works Inc.,ITW,Industrials,274.74,45000
138,139,"Air Products and Chemicals, Inc.",APD,Basic Materials,333.27,23000
139,140,Capital One Financial Corporation,COF,Financial Services,190.17,52500
140,141,General Dynamics Corporation,GD,Industrials,281.69,100000
141,142,"O'Reilly Automotive, Inc.",ORLY,Consumer Cyclical,1235.11,92709
142,143,3M Company,MMM,Industrials,131.4,85000
143,144,CSX Corporation,CSX,Industrials,36.55,23400
144,145,"Williams Companies, Inc. (The)",WMB,Energy,58.09,5601
145,146,Transdigm Group Incorporated,TDG,Industrials,1253.95,16600
146,147,"Autodesk, Inc.",ADSK,Technology,318.73,14100
147,148,FedEx Corporation,FDX,Industrials,301.35,306000
148,149,General Motors Company,GM,Consumer Cyclical,55.14,163000
149,150,Marriott International,MAR,Consumer Cyclical,286.74,411000
150,151,Arthur J. Gallagher & Co.,AJG,Financial Services,310.28,51261
151,152,Northrop Grumman Corporation,NOC,Industrials,488.1,101000
152,153,Carrier Global Corporation,CARR,Industrials,76.52,53000
153,154,"Becton, Dickinson and Company",BDX,Healthcare,223.18,70000
154,155,"ONEOK, Inc.",OKE,Energy,113.65,4775
155,156,Truist Financial Corporation,TFC,Financial Services,48.03,37867
156,157,"Freeport-McMoRan, Inc.",FCX,Basic Materials,43.34,27200
157,158,Norfolk Southern Corporation,NSC,Industrials,275.38,20700
158,159,Ecolab Inc.,ECL,Basic Materials,247.95,48000
159,160,Hilton Worldwide Holdings Inc.,HLT,Consumer Cyclical,252.36,178000
160,161,Schlumberger N.V.,SLB,Energy,43.31,111000
161,162,"Airbnb, Inc.",ABNB,Consumer Cyclical,140.2,6907
162,163,PACCAR Inc.,PCAR,Industrials,115.18,32400
163,164,"HCA Healthcare, Inc.",HCA,Healthcare,328.15,220000
164,165,Target Corporation,TGT,Consumer Defensive,127.3,415000
165,166,DBA Sempra,SRE,Utilities,93.46,16835
166,167,"Roper Technologies, Inc.",ROP,Technology,557.93,16800
167,168,The Bank of New York Mellon Corporation,BK,Financial Services,80.87,52600
168,169,NXP Semiconductors N.V.,NXPI,Technology,229.36,34200
169,170,"The Travelers Companies, Inc.",TRV,Financial Services,263.18,32967
170,171,"Digital Realty Trust, Inc.",DLR,Real Estate,191.42,3664
171,172,"Fortinet, Inc.",FTNT,Technology,95.44,13986
172,173,Fair Isaac Corporation,FICO,Technology,2371.43,3586
173,174,"United Rentals, Inc.",URI,Industrials,864.42,26300
174,175,AFLAC Incorporated,AFL,Financial Services,113.39,12785
175,176,Royal Caribbean Cruises Ltd.,RCL,Consumer Cyclical,245.03,98100
176,177,"Copart, Inc.",CPRT,Industrials,63.46,13086
177,178,"Ameriprise Financial, Inc.",AMP,Financial Services,570.65,13800
178,179,Johnson Controls International plc,JCI,Industrials,83.36,100000
179,180,Phillips 66,PSX,Energy,133.18,14000
180,181,"Simon Property Group, Inc.",SPG,Real Estate,181.45,2500
181,182,Public Storage,PSA,Real Estate,347.74,6200
182,183,"W.W. Grainger, Inc.",GWW,Industrials,1210.67,23200
183,184,"Kinder Morgan, Inc.",KMI,Energy,28,10891
184,185,Allstate Corporation (The),ALL,Financial Services,206.82,53000
185,186,"AutoZone, Inc.",AZO,Consumer Cyclical,3100.57,75600
186,187,Vistra Corp.,VST,Utilities,163.63,4870
187,188,Marathon Petroleum Corporation,MPC,Energy,156.89,18200
188,189,"American Electric Power Company, Inc.",AEP,Utilities,98.67,17250
189,190,Cummins Inc.,CMI,Industrials,375.18,75500
190,191,"MetLife, Inc.",MET,Financial Services,86.71,45000
191,192,"Ross Stores, Inc.",ROST,Consumer Cyclical,154.27,108000
192,193,"D.R. Horton, Inc.",DHI,Consumer Cyclical,167.65,13450
193,194,"Quanta Services, Inc.",PWR,Industrials,348.24,52500
194,195,Realty Income Corporation,O,Real Estate,57.56,418
195,196,"Dominion Energy, Inc.",D,Utilities,58.93,17700
196,197,"American International Group, Inc.",AIG,Financial Services,75.66,25000
197,198,Newmont Corporation,NEM,Basic Materials,42.23,21700
198,199,Fastenal Company,FAST,Industrials,83.35,20894
199,200,Howmet Aerospace Inc.,HWM,Industrials,117.18,23200
200,201,Kimberly-Clark Corporation,KMB,Consumer Defensive,139.75,41000
201,202,MSCI Inc.,MSCI,Financial Services,599.13,6118
202,203,"Paychex, Inc.",PAYX,Technology,145.42,16000
203,204,Kenvue Inc.,KVUE,Consumer Defensive,24.17,22000
204,205,TE Connectivity Ltd,TEL,Technology,150.47,87000
205,206,Public Service Enterprise Group Incorporated,PEG,Utilities,94.54,12543
206,207,Crown Castle Inc.,CCI,Real Estate,106.49,4700
207,208,"Fidelity National Information Services, Inc.",FIS,Technology,84.54,60000
208,209,"Prudential Financial, Inc.",PRU,Financial Services,127.97,40366
209,210,Discover Financial Services,DFS,Financial Services,181.13,21100
210,211,"L3Harris Technologies, Inc.",LHX,Industrials,244.34,50000
211,212,"AMETEK, Inc.",AME,Industrials,196.13,21500
212,213,Pacific Gas & Electric Co.,PCG,Utilities,21.44,28010
213,214,Valero Energy Corporation,VLO,Energy,139.3,9886
214,215,Ford Motor Company,F,Consumer Cyclical,11.14,177000
215,216,"Republic Services, Inc.",RSG,Industrials,219.47,41000
216,217,"Axon Enterprise, Inc.",AXON,Industrials,626.09,3330
217,218,"Corteva, Inc.",CTVA,Basic Materials,63.11,22500
218,219,"Targa Resources, Inc.",TRGP,Energy,202.68,3182
219,220,Baker Hughes Company,BKR,Energy,43.17,57000
220,221,Lennar Corporation,LEN,Consumer Cyclical,172.49,12284
221,222,Edwards Lifesciences Corporation,EW,Healthcare,71.26,19800
222,223,"Cencora, Inc.",COR,Healthcare,246.68,46000
223,224,Ingersoll Rand Inc.,IR,Industrials,104.55,18000
224,225,"Old Dominion Freight Line, Inc.",ODFL,Industrials,223.38,22686
225,226,CBRE Group Inc,CBRE,Real Estate,139.82,130000
226,227,"Verisk Analytics, Inc.",VRSK,Industrials,293.83,7500
227,228,Dell Technologies Inc.,DELL,Technology,143.34,120000
228,229,"Delta Air Lines, Inc.",DAL,Industrials,65.02,100000
229,230,Otis Worldwide Corporation,OTIS,Industrials,101.86,71000
230,231,Hess Corporation,HES,Energy,146.66,1756
231,232,"Gartner, Inc.",IT,Technology,526.75,20990
232,233,Cognizant Technology Solutions Corporation,CTSH,Technology,80.53,340100
233,234,Xcel Energy Inc.,XEL,Utilities,71.57,11311
234,235,The Kroger Co.,KR,Consumer Defensive,60.05,414000
235,236,Electronic Arts Inc.,EA,Communication Services,165,13700
236,237,"Agilent Technologies, Inc.",A,Healthcare,133.13,17400
237,238,Exelon Corporation,EXC,Utilities,39.32,19962
238,239,Monster Beverage Corporation,MNST,Consumer Defensive,54.95,5254
239,240,"Yum! Brands, Inc.",YUM,Consumer Cyclical,137.98,35000
240,241,HP Inc.,HPQ,Technology,39.17,58000
241,242,Vulcan Materials Company,VMC,Basic Materials,289.62,10961
242,243,"Constellation Brands, Inc.",STZ,Consumer Defensive,232.42,10600
243,244,Sysco Corporation,SYY,Consumer Defensive,76.48,76000
244,245,GE HealthCare Technologies Inc.,GEHC,Healthcare,82.52,51000
245,246,lululemon athletica inc.,LULU,Consumer Cyclical,320.53,38000
246,247,Arch Capital Group Ltd.,ACGL,Financial Services,100.04,6400
247,248,Microchip Technology Incorporated,MCHP,Technology,68.49,22300
248,249,"Charter Communications, Inc.",CHTR,Communication Services,389.91,101100
249,250,Corning Incorporated,GLW,Technology,47.93,49800
250,251,M&T Bank Corporation,MTB,Financial Services,219.56,21986
251,252,Keurig Dr Pepper Inc.,KDP,Consumer Defensive,32.68,28100
252,253,"Martin Marietta Materials, Inc.",MLM,Basic Materials,597.02,9400
253,254,ResMed Inc.,RMD,Healthcare,247.31,9980
254,255,Humana Inc.,HUM,Healthcare,296.03,67600
255,256,"General Mills, Inc.",GIS,Consumer Defensive,65.89,34000
256,257,Nucor Corporation,NUE,Basic Materials,153.84,32000
257,258,Extra Space Storage Inc,EXR,Real Estate,170.22,7618
258,259,"Hartford Financial Services Group, Inc. (The)",HIG,Financial Services,122.03,18700
259,260,Iron Mountain Incorporated,IRM,Real Estate,121.75,27000
260,261,"IQVIA Holdings, Inc.",IQV,Healthcare,199.44,88000
261,262,"IDEXX Laboratories, Inc.",IDXX,Healthcare,416.14,11000
262,263,"DuPont de Nemours, Inc.",DD,Basic Materials,83.52,24000
263,264,Westinghouse Air Brake Technologies Corporation,WAB,Industrials,200.58,29000
264,265,"Consolidated Edison, Inc.",ED,Utilities,100.36,14592
265,266,VICI Properties Inc.,VICI,Real Estate,32.46,28
266,267,Occidental Petroleum Corporation,OXY,Energy,49.68,12570
267,268,"Rockwell Automation, Inc.",ROK,Industrials,294.67,27000
268,269,Edison International,EIX,Utilities,87.71,14375
269,270,"Nasdaq, Inc.",NDAQ,Financial Services,81.95,9120
270,271,"Diamondback Energy, Inc.",FANG,Energy,176.07,1023
271,272,"AvalonBay Communities, Inc.",AVB,Real Estate,234.5,2978
272,273,Garmin Ltd.,GRMN,Technology,212.27,19900
273,274,"CoStar Group, Inc.",CSGP,Real Estate,79.81,6450
274,275,Fifth Third Bancorp,FITB,Financial Services,48.3,18579
275,276,"Equifax, Inc.",EFX,Industrials,257.18,15000
276,277,Entergy Corporation,ETR,Utilities,154.51,12000
277,278,Centene Corporation,CNC,Healthcare,60.81,67700
278,279,Dow Inc.,DOW,Basic Materials,44.23,35900
279,280,"WEC Energy Group, Inc.",WEC,Utilities,101.31,7000
280,281,Willis Towers Watson Public Limited Company,WTW,Financial Services,316.89,48000
281,282,"United Airlines Holdings, Inc.",UAL,Industrials,99.12,106500
282,283,eBay Inc.,EBAY,Consumer Cyclical,64.89,12300
283,284,Xylem Inc.,XYL,Industrials,124.74,23000
284,285,"DexCom, Inc.",DXCM,Healthcare,77.54,9500
285,286,ON Semiconductor Corporation,ON,Technology,70.88,30000
286,287,"Raymond James Financial, Inc.",RJF,Financial Services,167.4,18000
287,288,Tractor Supply Company,TSCO,Consumer Cyclical,282.87,50000
288,289,"ANSYS, Inc.",ANSS,Technology,348.6,6400
289,290,"Take-Two Interactive Software, Inc.",TTWO,Communication Services,188.06,12371
290,291,Texas Pacific Land Corporation,TPL,Energy,1554.71,100
291,292,Global Payments Inc.,GPN,Industrials,117.68,27000
292,293,Keysight Technologies Inc.,KEYS,Technology,170.77,15400
293,294,Deckers Outdoor Corporation,DECK,Consumer Cyclical,195.76,4800
294,295,"Cardinal Health, Inc.",CAH,Healthcare,121.06,47922
295,296,State Street Corporation,STT,Financial Services,98.21,53000
296,297,"PPG Industries, Inc.",PPG,Basic Materials,123.58,53000
297,298,"Monolithic Power Systems, Inc.",MPWR,Technology,572.67,3564
298,299,Hewlett Packard Enterprise Company,HPE,Technology,22.13,62000
299,300,"NVR, Inc.",NVR,Consumer Cyclical,9146.5,6300
300,301,"PulteGroup, Inc.",PHM,Consumer Cyclical,133.92,6382
301,302,The Kraft Heinz Company,KHC,Consumer Defensive,31.95,36000
302,303,Dover Corporation,DOV,Industrials,205.52,25000
303,304,Halliburton Company,HAL,Energy,31.59,48000
304,305,Fortive Corporation,FTV,Technology,78.56,18000
305,306,GoDaddy Inc.,GDDY,Technology,201.35,6159
306,307,Smurfit WestRock plc Ordinary Shares,SW,Consumer Cyclical,55.41,100000
307,308,"T. Rowe Price Group, Inc.",TROW,Financial Services,123.26,8104
308,309,EQT Corporation,EQT,Energy,44.92,881
309,310,"Broadridge Financial Solutions, Inc.",BR,Technology,233.81,14000
310,311,"Church & Dwight Company, Inc.",CHD,Consumer Defensive,109.93,5550
311,312,Veralto Corporation,VLTO,Industrials,108.1,16000
312,313,"American Water Works Company, Inc.",AWK,Utilities,135.43,6500
313,314,"Tyler Technologies, Inc.",TYL,Technology,625.85,7386
314,315,Synchrony Financial,SYF,Financial Services,66.65,20000
315,316,"Corpay, Inc.",CPAY,Technology,379.04,10500
316,317,"Brown & Brown, Inc.",BRO,Financial Services,112.81,16152
317,318,Huntington Bancshares Incorporated,HBAN,Financial Services,18.12,19896
318,319,"Ventas, Inc.",VTR,Real Estate,63.82,486
319,320,Equity Residential,EQR,Real Estate,76.87,2400
320,321,"NetApp, Inc.",NTAP,Technology,129.61,11800
321,322,The Hershey Company,HSY,Consumer Defensive,172.64,18650
322,323,"Mettler-Toledo International, Inc.",MTD,Healthcare,1221.94,16000
323,324,DTE Energy Company,DTE,Utilities,124.97,9412
324,325,Carnival Corporation,CCL,Consumer Cyclical,25.57,106000
325,326,PPL Corporation,PPL,Utilities,34.59,6629
326,327,Archer-Daniels-Midland Company,ADM,Consumer Defensive,52.99,40213
327,328,Regions Financial Corporation,RF,Financial Services,27.33,20101
328,329,Ameren Corporation,AEE,Utilities,94.03,9372
329,330,Hubbell Inc,HUBB,Industrials,462.58,18000
330,331,Cincinnati Financial Corporation,CINF,Financial Services,158.57,5426
331,332,SBA Communications Corporation,SBAC,Real Estate,226.89,1787
332,333,CDW Corporation,CDW,Technology,178.96,15100
333,334,PTC Inc.,PTC,Technology,199.09,7000
334,335,Devon Energy Corporation,DVN,Energy,37.48,1900
335,336,Weyerhaeuser Company,WY,Real Estate,31.83,9300
336,337,Atmos Energy Corporation,ATO,Utilities,149.87,5019
337,338,"International Flavors & Fragrances, Inc.",IFF,Basic Materials,90.63,21500
338,339,"Warner Bros. Discovery, Inc.",WBD,Communication Services,10.18,35300
339,340,"West Pharmaceutical Services, Inc.",WST,Healthcare,318.84,10600
340,341,Biogen Inc.,BIIB,Healthcare,156.36,7570
341,342,"Expedia Group, Inc.",EXPE,Consumer Cyclical,183.63,17100
342,343,Eversource Energy (D/B/A),ES,Utilities,63.25,10000
343,344,Western Digital Corporation,WDC,Technology,72.49,51000
344,345,"Zimmer Biomet Holdings, Inc.",ZBH,Healthcare,110.29,18000
345,346,Waters Corporation,WAT,Healthcare,383.53,7900
346,347,Teledyne Technologies Incorporated,TDY,Technology,476.65,14900
347,348,Northern Trust Corporation,NTRS,Financial Services,110.27,23300
348,349,Packaging Corporation of America,PKG,Consumer Cyclical,245.36,14900
349,350,"Leidos Holdings, Inc.",LDOS,Technology,165.69,47000
350,351,"Builders FirstSource, Inc.",BLDR,Industrials,184.94,29000
351,352,"Live Nation Entertainment, Inc.",LYV,Communication Services,139.26,14700
352,353,LyondellBasell Industries,LYB,Basic Materials,82.05,20000
353,354,Kellanova,K,Consumer Defensive,81.13,23000
354,355,"Citizens Financial Group, Inc.",CFG,Financial Services,48,17329
355,356,FirstEnergy Corp.,FE,Utilities,42.09,12042
356,357,STERIS plc,STE,Healthcare,214.17,18000
357,358,Seagate Technology Holdings PLC,STX,Technology,102.11,30000
358,359,"CenterPoint Energy, Inc (Holding Co)",CNP,Utilities,32.37,8827
359,360,CMS Energy Corporation,CMS,Utilities,70,8356
360,361,"Steel Dynamics, Inc.",STLD,Basic Materials,144.06,12600
361,362,"Darden Restaurants, Inc.",DRI,Consumer Cyclical,172.47,191105
362,363,International Paper Company,IP,Consumer Cyclical,59.08,39000
363,364,Zebra Technologies Corporation,ZBRA,Technology,400.88,9750
364,365,"First Solar, Inc.",FSLR,Technology,189.51,6700
365,366,Clorox Company (The),CLX,Consumer Defensive,167.56,7400
366,367,Omnicom Group Inc.,OMC,Communication Services,104.24,75900
367,368,"The Cooper Companies, Inc.",COO,Healthcare,101.67,15000
368,369,Labcorp Holdings Inc.,LH,Healthcare,238.25,67000
369,370,Coterra Energy Inc.,CTRA,Energy,26.62,894
370,371,"Essex Property Trust, Inc.",ESS,Real Estate,310.61,1747
371,372,Snap-On Incorporated,SNA,Industrials,369.59,13200
372,373,"McCormick & Company, Incorporated",MKC,Consumer Defensive,77.47,13800
373,374,Southwest Airlines Company,LUV,Industrials,32.12,73463
374,375,"Super Micro Computer, Inc.",SMCI,Technology,35.19,5126
375,376,Invitation Homes Inc.,INVH,Real Estate,34.11,1555
376,377,"NRG Energy, Inc.",NRG,Utilities,100.99,18131
377,378,Ball Corporation,BALL,Consumer Cyclical,62.03,21000
378,379,W.R. Berkley Corporation,WRB,Financial Services,63.59,8329
379,380,"Mid-America Apartment Communities, Inc.",MAA,Real Estate,162.36,2427
380,381,Insulet Corporation,PODD,Healthcare,265.93,3000
381,382,FactSet Research Systems Inc.,FDS,Financial Services,492.43,12398
382,383,Principal Financial Group Inc,PFG,Financial Services,86.12,19800
383,384,"Hologic, Inc.",HOLX,Healthcare,78.92,6990
384,385,KeyCorp,KEY,Financial Services,19.68,16734
385,386,"Best Buy Co., Inc.",BBY,Consumer Cyclical,86.2,85000
386,387,"Tyson Foods, Inc.",TSN,Consumer Defensive,63.37,138000
387,388,Las Vegas Sands Corp.,LVS,Consumer Cyclical,51.1,38400
388,389,Quest Diagnostics Incorporated,DGX,Healthcare,162.34,50000
389,390,"Teradyne, Inc.",TER,Technology,109.31,6400
390,391,Genuine Parts Company,GPC,Consumer Cyclical,127.69,60000
391,392,Masco Corporation,MAS,Industrials,80.23,18000
392,393,IDEX Corporation,IEX,Industrials,231.31,8800
393,394,Pentair PLC,PNR,Industrials,108.34,10500
394,395,Trimble Inc.,TRMB,Technology,72.39,12700
395,396,Molina Healthcare Inc,MOH,Healthcare,295.46,18000
396,397,"Alexandria Real Estate Equities, Inc.",ARE,Real Estate,111.42,568
397,398,Jacobs Solutions Inc.,J,Industrials,139.45,60000
398,399,"Ulta Beauty, Inc.",ULTA,Consumer Cyclical,359.41,20000
399,400,"Expeditors International of Washington, Inc.",EXPD,Industrials,121.71,18690
400,401,Kimco Realty Corporation (HC),KIM,Real Estate,25.36,660
401,402,Baxter International Inc.,BAX,Healthcare,32.76,60000
402,403,NiSource Inc,NI,Utilities,38.01,7364
403,404,"Estee Lauder Companies, Inc. (The)",EL,Consumer Defensive,72.49,44020
404,405,"Everest Group, Ltd.",EG,Financial Services,386.63,2844
405,406,"Align Technology, Inc.",ALGN,Healthcare,228.58,21690
406,407,Dollar General Corporation,DG,Consumer Defensive,74.89,185800
407,408,Avery Dennison Corporation,AVY,Consumer Cyclical,206,35000
408,409,Gen Digital Inc.,GEN,Technology,30.68,3400
409,410,Domino's Pizza Inc,DPZ,Consumer Cyclical,469.54,6500
410,411,Alliant Energy Corporation,LNT,Utilities,63.31,3281
411,412,Textron Inc.,TXT,Industrials,84.83,35000
412,413,Viatris Inc.,VTRS,Healthcare,12.99,32000
413,414,"CF Industries Holdings, Inc.",CF,Basic Materials,88.18,2700
414,415,Loews Corporation,L,Financial Services,86.01,12280
415,416,Physicians Realty Trust,DOC,Real Estate,22.23,193
416,417,"VeriSign, Inc.",VRSN,Technology,183.42,907
417,418,Jabil Inc.,JBL,Technology,132.95,138000
418,419,Aptiv PLC,APTV,Consumer Cyclical,55.21,154000
419,420,"J.B. Hunt Transport Services, Inc.",JBHT,Industrials,187.82,34718
420,421,Amcor plc,AMCR,Consumer Cyclical,10.34,41000
421,422,Pool Corporation,POOL,Industrials,378.36,6000
422,423,"Evergy, Inc.",EVRG,Utilities,64.65,4658
423,424,"Moderna, Inc.",MRNA,Healthcare,41.63,5600
424,425,"F5, Inc.",FFIV,Technology,249.8,6123
425,426,"Rollins, Inc.",ROL,Consumer Cyclical,51.51,20000
426,427,Nordson Corporation,NDSN,Industrials,256.63,7700
427,428,"Akamai Technologies, Inc.",AKAM,Technology,92.99,10947
428,429,"Stanley Black & Decker, Inc.",SWK,Industrials,89.33,50500
429,430,"EPAM Systems, Inc.",EPAM,Technology,245.28,53250
430,431,"Revvity, Inc.",RVTY,Healthcare,114.6,11000
431,432,"Dollar Tree, Inc.",DLTR,Consumer Defensive,68.44,65894
432,433,"Skyworks Solutions, Inc.",SWKS,Technology,86.05,9750
433,434,"Tapestry, Inc.",TPR,Consumer Cyclical,60.81,12500
434,435,"UDR, Inc.",UDR,Real Estate,45.92,1397
435,436,CarMax Inc,KMX,Consumer Cyclical,84.08,30000
436,437,Camden Property Trust,CPT,Real Estate,124.51,1640
437,438,"ConAgra Brands, Inc.",CAG,Consumer Defensive,27.45,18500
438,439,"Host Hotels & Resorts, Inc.",HST,Real Estate,18.36,163
439,440,"Dayforce, Inc.",DAY,Technology,80.08,9084
440,441,Albemarle Corporation,ALB,Basic Materials,108.87,9000
441,442,"C.H. Robinson Worldwide, Inc.",CHRW,Industrials,106.88,14537
442,443,"Jack Henry & Associates, Inc.",JKHY,Technology,172.98,7170
443,444,Bunge Ltd,BG,Consumer Defensive,89.37,23000
444,445,Allegion plc,ALLE,Industrials,140.35,12200
445,446,Eastman Chemical Company,EMN,Basic Materials,104.63,14000
446,447,The J.M. Smucker Company,SJM,Consumer Defensive,120.43,9000
447,448,Regency Centers Corporation,REG,Real Estate,74.28,492
448,449,Norwegian Cruise Line Holdings Ltd.,NCLH,Consumer Cyclical,27.4,41000
449,450,"BXP, Inc.",BXP,Real Estate,82.41,836
450,451,"Juniper Networks, Inc.",JNPR,Technology,36.15,11144
451,452,"Universal Health Services, Inc.",UHS,Healthcare,201.94,96700
452,453,"Assurant, Inc.",AIZ,Financial Services,228.07,13600
453,454,Incyte Corporation,INCY,Healthcare,74.16,2524
454,455,Bio-Techne Corp,TECH,Healthcare,74.42,3100
455,456,Generac Holdlings Inc.,GNRC,Industrials,191.43,8315
456,457,"Interpublic Group of Companies, Inc. (The)",IPG,Communication Services,30.67,55100
457,458,"Paycom Software, Inc.",PAYC,Technology,234.43,7308
458,459,"Catalent, Inc.",CTLT,Healthcare,60.98,17000
459,460,"Lamb Weston Holdings, Inc.",LW,Consumer Defensive,76.67,10700
460,461,Erie Indemnity Company,ERIE,Financial Services,433.92,6481
461,462,Molson Coors Beverage Company,TAP,Consumer Defensive,60.7,16500
462,463,Pinnacle West Capital Corporation,PNW,Utilities,92.75,6133
463,464,LKQ Corporation,LKQ,Consumer Cyclical,38.97,49000
464,465,"Charles River Laboratories International, Inc.",CRL,Healthcare,195.41,20400
465,466,Fox Corporation,FOXA,Communication Services,45.99,10200
466,467,Globe Life Inc.,GL,Financial Services,110.33,3636
467,468,"MarketAxess Holdings, Inc.",MKTX,Financial Services,262.75,881
468,469,Solventum Corporation,SOLV,Healthcare,70.83,22000
469,470,"Enphase Energy, Inc.",ENPH,Technology,70.79,3157
470,471,"Henry Schein, Inc.",HSIC,Healthcare,76.29,26000
471,472,The AES Corporation,AES,Utilities,12.82,9600
472,473,Teleflex Incorporated,TFX,Healthcare,189.37,14500
473,474,Hormel Foods Corporation,HRL,Consumer Defensive,31.46,20000
474,475,A.O. Smith Corporation,AOS,Industrials,73.9,12000
475,476,Campbell Soup Company,CPB,Consumer Defensive,46.38,14400
476,477,MGM Resorts International,MGM,Consumer Cyclical,37.42,58000
477,478,Ralph Lauren Corporation,RL,Consumer Cyclical,220.52,14800
478,479,"Wynn Resorts, Limited",WYNN,Consumer Cyclical,92.19,27800
479,480,Federal Realty Investment Trust,FRT,Real Estate,115.38,297
480,481,"Caesars Entertainment, Inc.",CZR,Consumer Cyclical,38.44,51000
481,482,"Hasbro, Inc.",HAS,Consumer Cyclical,63.71,5502
482,483,"Match Group, Inc.",MTCH,Communication Services,32.45,2600
483,484,APA Corporation,APA,Energy,22.33,2271
484,485,Mosaic Company (The),MOS,Basic Materials,25.41,14049
485,486,Celanese Corporation,CE,Basic Materials,73.09,12400
486,487,Invesco Ltd,IVZ,Financial Services,17.97,8524
487,488,BorgWarner Inc.,BWA,Consumer Cyclical,34.04,39900
488,489,Brown Forman Inc,BF.B,Consumer Defensive,41.33,5700
489,490,"Huntington Ingalls Industries, Inc.",HII,Industrials,197.31,44000
490,491,DaVita Inc.,DVA,Healthcare,167.84,70000
491,492,"Mohawk Industries, Inc.",MHK,Consumer Cyclical,140.22,43300
492,493,FMC Corporation,FMC,Basic Materials,60.47,5800
493,494,"Franklin Resources, Inc.",BEN,Financial Services,22.02,10200
494,495,"Qorvo, Inc.",QRVO,Technology,67.74,8700
495,496,Paramount Global,PARA,Communication Services,10.97,21900
496,497,"Walgreens Boots Alliance, Inc.",WBA,Healthcare,8.85,193000
497,498,News Corporation,NWS,Communication Services,32,23900
